method,group_id,leader,member,delta_error,leader_error,optimal_error
groups,0,87,12,0.18965331346959147,455.9639472700533,455.77429395658373
groups,0,87,72,0.22008658042983598,444.60412004510954,444.3840334646797
groups,0,87,9,0.1275175566028679,447.53897549263695,447.4114579360341
groups,0,87,91,0.18618204782166003,445.588535704191,445.4023536563693
groups,0,87,16,0.03510994640885201,452.4422338779161,452.4071239315073
groups,0,87,41,0.1521028849670074,446.7825872491133,446.6304843641463
groups,0,87,1,0.026810988869613084,452.99034318291734,452.96353219404773
groups,0,87,93,0.01788921119856468,458.4393074671504,458.42141825595183
groups,0,87,97,0.02818575112360122,459.66981527382666,459.64162952270306
groups,0,87,65,0.01130390645261059,455.07332761918883,455.0620237127362
groups,0,87,70,0.013870472872611117,454.28208821800814,454.26821774513553
groups,0,87,33,0.04901654118822307,462.37942970545345,462.3304131642652
groups,0,87,78,0.0670671107196199,450.6535318771188,450.58646476639916
groups,0,87,89,0.10257706230760277,449.2048430249439,449.1022659626363
groups,0,87,23,0.02128802633177429,460.70612219562753,460.68483416929575
groups,0,87,38,0.10839684306250774,449.30753706678297,449.19914022372046
groups,0,87,87,0.0,457.52750113829416,457.52750113829416
groups,0,87,73,0.20815803727475668,446.5777442255088,446.36958618823405
groups,0,87,13,0.040683138317149314,463.0970139147955,463.0563307764784
groups,0,87,44,0.2963329956642724,445.2589822527879,444.96264925712364
groups,0,87,25,0.011146324956257558,458.9390065924438,458.9278602674875
groups,0,87,52,0.01494045961720758,457.9964249631574,457.9814845035402
groups,0,87,36,0.241342966903062,447.5828100683627,447.3414671014596
groups,0,87,64,0.12042338244168604,451.4243257071464,451.3039023247047
groups,0,87,35,0.04436892450604546,455.70647460087594,455.6621056763699
groups,0,87,6,0.15247010112278758,451.32210101623633,451.16963091511354
groups,0,87,0,0.0737191271976485,464.42394868101724,464.3502295538196
groups,0,87,22,0.18652287469870998,451.0253907436075,450.8388678689088
groups,0,87,59,0.10647193338127181,455.25284780636815,455.1463758729869
groups,0,87,2,0.10002911135723025,462.22066467619726,462.12063556484003
groups,0,87,81,0.23267501524668432,452.2400472750813,452.0073722598346
groups,1,14,82,0.3834019000888702,420.7228640282627,420.3394621281738
groups,1,14,18,0.07617092147404492,433.85764399939836,433.7814730779243
groups,1,14,84,0.28435184260450797,447.9163812077266,447.6320293651221
groups,1,14,68,0.4180484503133357,451.12671986491046,450.7086714145971
groups,1,14,94,0.30828547354025204,448.5517469535676,448.24346148002735
groups,1,14,29,0.06803870387454936,438.0071520902429,437.9391133863684
groups,1,14,50,0.24719355511535923,446.89729916483503,446.6501056097197
groups,1,14,21,0.1000588093330066,436.5184838551053,436.41842504577227
groups,1,14,53,0.053567419110436276,438.30466342315395,438.2510960040435
groups,1,14,11,0.22567572175131545,446.2325008635502,446.00682514179886
groups,1,14,42,0.17385460984286283,442.8996003480918,442.7257457382489
groups,1,14,67,0.5344786958658005,453.53449453924287,453.00001584337707
groups,1,14,37,0.20006621945839242,443.87216647911833,443.67210025965994
groups,1,14,19,0.1576445771513022,436.8402447933133,436.682600216162
groups,1,14,61,0.23565573679638874,444.8801657135009,444.6445099767045
groups,1,14,71,0.026983911003242156,437.0725200386856,437.04553612768234
groups,1,14,76,0.19451214380808324,440.22845392576585,440.03394178195776
groups,1,14,60,0.6050312772949837,454.60846223929065,454.00343096199566
groups,1,14,86,0.007114200424439332,433.23275449140965,433.2256402909852
groups,1,14,32,0.49565575246305116,452.06572645203534,451.5700706995723
groups,1,14,62,0.23472031016945039,436.7577537934817,436.52303348331225
groups,1,14,34,0.011082404846035843,431.3580665538732,431.34698414902715
groups,1,14,54,0.284537204423259,443.7794901854746,443.4949529810513
groups,1,14,88,0.2848751414349522,446.525537428838,446.24066228740304
groups,1,14,90,0.6759191462386411,455.44589600416293,454.7699768579243
groups,1,14,80,0.04614391684697239,427.6149502724294,427.5688063555824
groups,1,14,14,0.0,432.84267410947757,432.84267410947757
groups,1,14,3,0.5521535974655762,452.1417527665718,451.58959916910624
groups,1,14,10,0.0009170831413598535,432.0757248578301,432.07480777468874
groups,1,14,92,0.09560978477247772,440.0546855878998,439.95907580312735
groups,1,14,24,0.05410779859391823,438.05565273403295,438.00154493543903
groups,1,14,66,0.011366332922136735,434.5808933424187,434.56952700949654
groups,1,14,31,0.06020415178585381,426.147497633726,426.08729348194015
groups,1,14,69,0.05218047221495681,437.3383848894225,437.28620441720756
groups,1,14,96,0.6976446549609818,454.5230705882523,453.82542593329134
groups,1,14,83,0.43948550241248086,445.08664903008525,444.6471635276728
groups,1,14,74,0.020546166070175786,434.2373456907322,434.216799524662
groups,1,14,8,0.5941767437611816,451.1969898399056,450.6028130961444
groups,1,14,46,0.6010046033500771,451.40708769716446,450.8060830938144
groups,1,14,75,0.09374299781762829,424.4128881031792,424.3191451053616
groups,1,14,63,0.5650716061931575,449.8419799888409,449.2769083826477
groups,1,14,57,0.45806769338037157,443.1385515827324,442.68048388935205
groups,1,14,79,0.6328098589430624,451.8102814867721,451.17747162782905
groups,1,14,30,0.4556331307206847,439.7609545852951,439.3053214545744
groups,1,14,49,0.49490604627681023,445.39633817755777,444.90143213128096
groups,1,14,95,0.11995237571318285,438.829982283119,438.71002990740584
groups,1,14,85,0.2594688157573728,442.6564610052136,442.3969921894562
groups,1,14,20,0.11675554308425262,423.3273656063395,423.2106100632553
groups,1,14,98,0.18511111790053292,439.8068928827881,439.62178176488754
groups,1,14,56,0.11157966110806683,423.688168845341,423.57658918423294
groups,1,14,28,0.16348914744827425,438.0633532147828,437.89986406733453
groups,1,14,55,0.29268773709458173,440.7923543940705,440.49966665697593
groups,1,14,5,0.10023083649360842,430.86462976349515,430.76439892700154
groups,1,14,58,0.14735899699286392,434.4001163790365,434.2527573820436
groups,1,14,99,0.2482303772138721,438.32285716428083,438.07462678706696
groups,1,14,15,0.136566358492189,433.2387339621031,433.1021676036109
groups,1,14,40,0.10924692051315787,427.42315981068555,427.3139128901724
groups,1,14,43,0.23530417794927416,436.2946219027523,436.059317724803
groups,1,14,47,0.17962994291525547,429.6857198003246,429.50608985740934
groups,1,14,27,0.3482206999858022,436.2370423892528,435.888821689267
groups,1,14,45,0.24034036831397998,423.7042180056543,423.4638776373403
groups,1,14,4,0.31907576821936345,419.1690604464976,418.84998467827825
groups,1,14,7,0.35617479619185133,417.86084326851045,417.5046684723186
groups,1,14,51,0.31196544684530636,419.7957541273955,419.4837886805502
groups,1,14,26,0.3170235587010666,430.02498883640123,429.70796527770017
groups,1,14,48,0.4076833042842054,416.73767768286905,416.32999437858484
groups,1,14,39,0.33060844992081684,420.1911806203412,419.86057217042037
groups,1,14,17,0.44463595102678255,416.2355554935832,415.7909195425564
groups,1,14,77,0.30150216323033874,423.2582374311782,422.95673526794786
groupsm,0,6,12,0.03855555844211267,455.81284951502585,455.77429395658373
groupsm,0,6,25,0.1338921743561059,459.0617524418436,458.9278602674875
groupsm,0,6,52,0.10305993224932308,458.0845444357895,457.9814845035402
groupsm,0,6,44,0.048613856747010686,445.01126311387065,444.96264925712364
groupsm,0,6,36,0.019012557104190364,447.3604796585638,447.3414671014596
groupsm,0,6,64,0.002761718542899416,451.3066640432476,451.3039023247047
groupsm,0,6,35,0.04171694926310465,455.703822625633,455.6621056763699
groupsm,0,6,6,0.0,451.16963091511354,451.16963091511354
groupsm,0,6,73,0.036031193165342756,446.4056173813994,446.36958618823405
groupsm,0,6,0,0.26957602756618826,464.6198055813858,464.3502295538196
groupsm,0,6,38,0.034310924780754704,449.2334511485012,449.19914022372046
groupsm,0,6,22,0.0019842771932871983,450.84085214610207,450.8388678689088
groupsm,0,6,59,0.020093940073309113,455.1664698130602,455.1463758729869
groupsm,0,6,2,0.15760599655902752,462.27824156139906,462.12063556484003
groupsm,0,6,81,0.015860204290106594,452.0232324641247,452.0073722598346
groupsm,1,45,82,0.01892019160976588,420.3583823197836,420.3394621281738
groupsm,1,45,47,0.04800248034661081,429.55409233775595,429.50608985740934
groupsm,1,45,27,0.23795837347529414,436.1267800627423,435.888821689267
groupsm,1,45,43,0.21302343047358363,436.2723411552766,436.059317724803
groupsm,1,45,40,0.02977602835704829,427.34368891852944,427.3139128901724
groupsm,1,45,45,0.0,423.4638776373403,423.4638776373403
groupsm,1,45,15,0.12020888376156336,433.22237648737246,433.1021676036109
groupsm,1,45,4,0.03317822829757233,418.8831629065758,418.84998467827825
groupsm,1,45,7,0.05455270530717371,417.5592211776258,417.5046684723186
groupsm,1,45,99,0.28291185373495864,438.3575386408019,438.07462678706696
groupsm,1,45,58,0.1507290725901953,434.4034864546338,434.2527573820436
groupsm,1,45,5,0.07340195716471953,430.83780088416626,430.76439892700154
groupsm,1,45,51,0.023118132841034367,419.50690681339125,419.4837886805502
groupsm,1,45,26,0.0822142372109056,429.7901795149111,429.70796527770017
groupsm,1,45,48,0.07151647879555867,416.4015108573804,416.32999437858484
groupsm,1,45,55,0.38414404213079933,440.88381069910673,440.49966665697593
groupsm,1,45,39,0.016609118696976566,419.87718128911735,419.86057217042037
groupsm,1,45,17,0.07761139764534164,415.86853094020177,415.7909195425564
groupsm,1,45,77,0.004426911200312134,422.9611621791482,422.95673526794786
groupsm,2,42,18,0.10462585181119266,433.8860989297355,433.7814730779243
groupsm,2,42,54,0.023037658920543436,443.51799063997186,443.4949529810513
groupsm,2,42,67,0.16814368252568102,453.16815952590275,453.00001584337707
groupsm,2,42,68,0.15329391580962692,450.86196533040675,450.7086714145971
groupsm,2,42,60,0.17318525054434986,454.17661621254,454.00343096199566
groupsm,2,42,62,0.11256634859699943,436.63559983190925,436.52303348331225
groupsm,2,42,90,0.18670509013509218,454.9566819480594,454.7699768579243
groupsm,2,42,32,0.10128587266348177,451.67135657223577,451.5700706995723
groupsm,2,42,94,0.08979663912361957,448.33325811915097,448.24346148002735
groupsm,2,42,84,0.07298455869084819,447.70501392381294,447.6320293651221
groupsm,2,42,11,0.07898135334403378,446.0858064951429,446.00682514179886
groupsm,2,42,50,0.06855508480703065,446.7186606945267,446.6501056097197
groupsm,2,42,3,0.10529389619665608,451.6948930653029,451.58959916910624
groupsm,2,42,76,0.029120069154203065,440.06306185111197,440.03394178195776
groupsm,2,42,61,0.004784815349694327,444.6492947920542,444.6445099767045
groupsm,2,42,19,0.07171951839217172,436.75431973455414,436.682600216162
groupsm,2,42,37,0.0011026473739548237,443.6732029070339,443.67210025965994
groupsm,2,42,42,0.0,442.7257457382489,442.7257457382489
groupsm,2,42,53,0.03238253950297576,438.2834785435465,438.2510960040435
groupsm,2,42,29,0.02952951475703003,437.9686429011254,437.9391133863684
groupsm,2,42,21,0.05622168034858532,436.47464672612085,436.41842504577227
groupsm,3,16,72,0.09791477652811409,444.4819482412078,444.3840334646797
groupsm,3,16,33,0.13308823028444294,462.46350139454967,462.3304131642652
groupsm,3,16,13,0.14436075884191268,463.2006915353203,463.0563307764784
groupsm,3,16,97,0.0760081431146773,459.71763766581773,459.64162952270306
groupsm,3,16,23,0.08861686470862651,460.7734510340044,460.68483416929575
groupsm,3,16,93,0.05189702738238111,458.4733152833342,458.42141825595183
groupsm,3,16,96,0.035766103251148706,453.8611920365425,453.82542593329134
groupsm,3,16,87,0.03569804681205824,457.5631991851062,457.52750113829416
groupsm,3,16,65,0.008937794442431368,455.07096150717865,455.0620237127362
groupsm,3,16,70,0.0050394919639416,454.2732572370995,454.26821774513553
groupsm,3,16,46,0.012671436740504305,450.8187545305549,450.8060830938144
groupsm,3,16,79,0.008731218472121327,451.18620284630117,451.17747162782905
groupsm,3,16,8,0.012807919979991311,450.6156210161244,450.6028130961444
groupsm,3,16,83,0.07499759437291686,444.7221611220457,444.6471635276728
groupsm,3,16,89,0.04240220552213714,449.14466816815843,449.1022659626363
groupsm,3,16,1,0.0008320562967583101,452.9643642503445,452.96353219404773
groupsm,3,16,16,0.0,452.4071239315073,452.4071239315073
groupsm,3,16,78,0.022090245873982894,450.60855501227314,450.58646476639916
groupsm,3,16,63,0.015346879526305202,449.292255262174,449.2769083826477
groupsm,3,16,57,0.12366864794080357,442.80415253729285,442.68048388935205
groupsm,3,16,30,0.23310715671715343,439.5384286112916,439.3053214545744
groupsm,3,16,49,0.07256538268433133,444.9739975139653,444.90143213128096
groupsm,3,16,9,0.03758554435307815,447.44904348038716,447.4114579360341
groupsm,3,16,41,0.05646252981892985,446.6869468939652,446.6304843641463
groupsm,3,16,91,0.07504087501519052,445.4773945313845,445.4023536563693
groupsm,4,66,98,0.10257057096487188,439.7243523358524,439.62178176488754
groupsm,4,66,88,0.19390230246182227,446.43456458986486,446.24066228740304
groupsm,4,66,75,0.1488730789351962,424.4680181842968,424.3191451053616
groupsm,4,66,20,0.16685062526772754,423.377460688523,423.2106100632553
groupsm,4,66,80,0.0975469321187461,427.66635328770116,427.5688063555824
groupsm,4,66,31,0.10864494392882307,426.195938425869,426.08729348194015
groupsm,4,66,56,0.15183917418301007,423.72842835841595,423.57658918423294
groupsm,4,66,34,0.044368457482619306,431.39135260650977,431.34698414902715
groupsm,4,66,14,0.011308363285138512,432.8539824727627,432.84267410947757
groupsm,4,66,86,0.03114347898821279,433.2567837699734,433.2256402909852
groupsm,4,66,10,0.013473829420490802,432.0882816041092,432.07480777468874
groupsm,4,66,92,0.04421152738427736,440.0032873305116,439.95907580312735
groupsm,4,66,24,0.017674924379150525,438.0192198598182,438.00154493543903
groupsm,4,66,66,0.0,434.56952700949654,434.56952700949654
groupsm,4,66,71,0.03155344510901159,437.07708957279135,437.04553612768234
groupsm,4,66,69,0.014993226733452047,437.301197643941,437.28620441720756
groupsm,4,66,74,0.0023864726261990654,434.2191859972882,434.216799524662
groupsm,4,66,95,0.056224093479727344,438.76625400088557,438.71002990740584
groupsm,4,66,28,0.08788355047795449,437.9877476178125,437.89986406733453
groupsm,4,66,85,0.15970531530086873,442.5566975047571,442.3969921894562
